{
  "reminders": [
    {
      "title": "Lina's Birthday",
      "body": "Wish him/her a happy birthday",
      "category": "Birthday",
      "id": "2",
      "date": "2025-01-12"
    },
    {
      "title": "Sirine's Birthday",
      "body": "Wish him/her a happy birthday",
      "category": "Birthday",
      "id": "3",
      "date": "2025-01-11"
    },
    {
      "title": "Dentist Appointment",
      "body": "PPalladium appmnt on day X",
      "category": "Appointment",
      "id": "4",
      "date": "2025-01-19"
    },
    {
      "id": "79d4",
      "title": "Meriem bday",
      "body": "17 juillet",
      "category": "Birthday",
      "date": "2025-07-17"
    },
    {
      "title": "Sab bday",
      "body": "mai",
      "date": "2026-05-28",
      "id": "b42c"
    },
    {
      "title": "11111",
      "body": "333",
      "category": "Birthday",
      "date": "2025-01-04",
      "id": "7d6f"
    },
    {
      "title": "Nw reminder",
      "body": "lorem ipsum stuff bla bla bla",
      "category": "Appointment",
      "date": "2025-01-06",
      "id": "e8d0"
    }
  ]
}